DDPY - Stretch,DDP,21,2,"Beginner"-"DDP LIVE"-"Holiday/ Novelty"-"20 Minute Workouts"
SYNERGY 40,DDP,49,2,"Beginner"-"DDP LIVE"-"40 Minute Workouts"
Breathing 2.0,DDP,6,2,"Beginner"
Wake Up 2.0,DDP,11,2,"Beginner"
Energy 2.0,DDP,26,2,"Beginner"-"20 Minute Workouts"
Fat Burner 2.0,DDP,33,2,"Beginner"-"20 Minute Workouts"-"30 Minute Workouts"
Energy 2.0 Crib,DDP,28,2,"Beginner"-"20 Minute Workouts"
Fat Burner at the Crib,DDP,32,2,"Beginner"-"30 Minute Workouts"
Fire Power - Warriors Purpose,DDP,51,3,"Stand Strong - Warriors Purpose"
Tomahawk - Warriors Purpose,DDP,52,4,"Stand Strong - Warriors Purpose"
Abrams - Warriors Purpose,DDP,28,2,"Stand Strong - Warriors Purpose"
Hellfire - Warriors Purpose,DDP,74,5,"Stand Strong - Warriors Purpose"
Huey  - Warriors Purpose,DDP,36,2,"Stand Strong - Warriors Purpose"
Stinger - Warriors Purpose,DDP,47,3,"Stand Strong - Warriors Purpose"
Ground Pounder - Warriors Purpose,DDP,60,5,"Stand Strong - Warriors Purpose"
Humvee - Warriors Purpose,DDP,28,2,"Stand Strong - Warriors Purpose"
Sidewinder - Warriors Purpose,DDP,30,3,"Stand Strong - Warriors Purpose"
Howitzer - Warriors Purpose,DDP,58,5,"Stand Strong - Warriors Purpose"
Recon - Warriors Purpose,DDP,29,2,"Stand Strong - Warriors Purpose"
02.15.2022 LIVE w DDP,DDP,58,3,"Intermediate"-"DDP LIVE"-"50 Minute Workouts"
12.21.21 LIVE on the Holidays with DDP and Payge,DDP,33,3,"Intermediate"-"DDP LIVE"-"Payge McMahon"
Back & Buns 01,Payge McMahon,60,3,"Intermediate"-"Payge McMahon"-"60+ Minute Workouts"
07.24.2018 LIVE w/DDP,DDP,58,3,"Intermediate"-"DDP LIVE"-"50 Minute Workouts"
Strength Builder 2.0,DDP,43,3,"Intermediate"
Stand Up 2.0,DDP,34,3,"Intermediate"-"30 Minute Workouts"
Below The Belt 2.0,DDP,39,3,"Intermediate"-"30 Minute Workouts"
Red Hot Core 2.0,DDP,13,3,"Intermediate"-"20 Minute Workouts"
Stand Up V2 Crib,DDP,40,3,"Intermediate"-"30 Minute Workouts"
10 Minute Warm Up,DDP,12,3,"Intermediate"
Hips Back and Knees Tutorial,DDP,31,3,"Intermediate"-"Hip Back and Knee Opener"-"30 Minute Workouts"
Red Hot Core+,DDP,17,3,"Intermediate"-"20 Minute Workouts"
1 on 1 with Haydn - Advanced,Haydn Walden,29,4,"Advanced"-"Haydn Walden"-"20 Minute Workouts"
12.12.2017 LIVE w/ DDP,DDP,38,4,"Advanced"-"DDP LIVE"-"40 Minute Workouts"
Diamond Cutter 2.0,DDP,57,4,"Advanced"
Double Black Diamond 2.0,DDP,66,4,"Advanced"
10.24.2017 LIVE w/ Christina,Christina Russell,64,4,"Advanced"-"Christina Russell"-"60+ Minute Workouts"
Hips Back and Knees Workout,DDP,39,4,"Advanced"
Extreme - Psycho Workout Tutorial,DDP,19,5,"Advanced"-"Hip Back and Knee Opener"
Virginia Cavaliers,DDP,62,4,"Advanced"-"DDP LIVE"-"60+ Minute Workouts"
Renew - Bed 1 (Low Back Pain),DDP,16,1,"Back Builder"
Restore - Bed 2 (Low Back Pain),DDP,19,1,"Back Builder"
Back Builder 1+ Intro (Low Back Pain),DDP,29,1,"Back Builder"
Back Builder 2 (Low Back Pain),DDP,29,1,"Back Builder"
Back Builder 3 (Low Back Pain),DDP,32,1,"Back Builder"
Chair and Standing,DDP,36,1,"Chair Force Standing"-"DDP LIVE"
Chair to Standing Tutorial,DDP,32,1,"Chair Force Standing"-"DDPY Rebuild: Chair Force"
Breathing Classic,DDP,3,1,"DDPY Classics"
Wake Up Classic,DDP,11,1,"DDPY Classics"
Diamond Dozen Classic,DDP,32,2,"DDPY Classics"
Energy Classic,DDP,24,2,"DDPY Classics"
Fat Burner Classic,DDP,27,2,"DDPY Classics"
Below The Belt Classic,DDP,31,3,"DDPY Classics"
Red Hot Core Classic,DDP,15,3,"DDPY Classics"
Stand Up Classic,DDP,31,3,"DDPY Classics"
Mix Tape Classic,DDP,35,3,"DDPY Classics"
Strength Builder Classic,DDP,41,4,"DDPY Classics"
Diamond Cutter Classic,DDP,53,4,"DDPY Classics"
Double Black Diamond Classic,DDP,69,4,"DDPY Classics"
DDPY 4 KIDZ - Fun And Energy!,DDP,33,3,"DDPY 4 Kids"
DDPY 4 KIDZ - Beginner,DDP,28,2,"DDPY 4 Kids"
DDPY 4 KIDZ - Extreme,DDP,43,4,"DDPY 4 Kids"
01.10.2023 LIVE w DDP,DDP,21,2,"DDP LIVE"
12.25.2022 Live w/ DDP,DDP,50,4,"DDP LIVE"
12.13.2022 LIVE w DDP,DDP,41,3,"DDP LIVE"-"30 Minute Workouts"
10.25.2022 LIVE w Dallas,DDP,34,3,"DDP LIVE"-"30 Minute Workouts"
09.20.2022 Road Workout w DDP and Payge,DDP,22,2,"DDP LIVE"-"Payge McMahon"
Road Workout w DDP - 09.06.2022,DDP,45,2,"DDP LIVE"-"Road Trip Edition"
Road Workout w DDP 08.23.2022,DDP,24,2,"DDP LIVE"-"Road Trip Edition"
08.09.2022 LIVE w DDP,DDP,34,3,"DDP LIVE"-"30 Minute Workouts"
07.26.2022 LIVE w DDP,DDP,28,2,"DDP LIVE"
06.28.2022 LIVE w DDP,DDP,35,3,"DDP LIVE"
06.21.2022 LIVE w DDP,DDP,45,3,"DDP LIVE"
05.31.2022 LIVE w DDP,DDP,58,3,"DDP LIVE"-"50 Minute Workouts"
05.24.2022 LIVE w DDP,DDP,35,3,"DDP LIVE"-"30 Minute Workouts"
04.26.2022 LIVE w DDP,DDP,47,3,"DDP LIVE"-"40 Minute Workouts"
04.19.2022 LIVE w DDP,DDP,37,3,"DDP LIVE"-"30 Minute Workouts"
2.01.2022 LIVE w DDP,DDP,64,3,"DDP LIVE"-"60+ Minute Workouts"
1.25.2022 LIVE w DDP,DDP,66,3,"DDP LIVE"-"60+ Minute Workouts"
1.18.2022 LIVE w DDP,DDP,46,3,"DDP LIVE"-"40 Minute Workouts"
1.11.2022 LIVE w DDP,DDP,66,3,"DDP LIVE"-"60+ Minute Workouts"
DDPY Stretch w Dallas and Payge,DDP,21,2,"DDP LIVE"-"Payge McMahon"-"Holiday/ Novelty"
11.30.21 LIVE w DDP,DDP,33,3,"DDP LIVE"
11.16.2021 LIVE w DDP,DDP,53,3,"DDP LIVE"
11.09.2021 LIVE w DDP,DDP,58,3,"DDP LIVE"-"JACKED 50+ min
11.02.2021 LIVE w DDP,DDP,39,3,"DDP LIVE"-"30 Minute Workouts"
10.26.2021 LIVE w Yoga Doc,DDP,42,3,"DDP LIVE"-"Yoga Doc"
10.19.2021 Live w DDP and Payge,DDP,36,3,"DDP LIVE"-"Payge McMahon"-"Road Trip Edition"-"30 Minute Workouts"
10.12.2021 LIVE w DDP,DDP,32,4,"DDP LIVE"-"30 Minute Workouts"
10.05.2021 LIVE w DDP,DDP,32,4,"DDP LIVE"-"30 Minute Workouts"
09.21.2021 LIVE w DDP,DDP,57,3,"DDP LIVE"-"60+ Minute Workouts"
09.14.2021 LIVE w DDP,DDP,42,2,"DDP LIVE"-"40 Minute Workouts"
09.07.2021 LIVE w DDP,DDP,41,3,"DDP LIVE"-"40 Minute Workouts"
08.24.2021 LIVE w DDP,DDP,58,3,"DDP LIVE"-"50 Minute Workouts"
08.17.2021 LIVE w DDP,DDP,70,3,"DDP LIVE"-"60+ Minute Workouts"
08.10.2021 LIVE w DDP,DDP,62,4,"DDP LIVE"-"60+ Minute Workouts"
07.27.2021 LIVE w DDP,DDP,56,3,"DDP LIVE"-"50 Minute Workouts"
07.20.2021 LIVE w DDP,DDP,48,2,"DDP LIVE"-"50 Minute Workouts"
07.13.2021 LIVE w DDP,DDP,39,2,"DDP LIVE"-"30 Minute Workouts"
07.06.2021 LIVE w/ DDP,DDP,64,3,"DDP LIVE"-"60+ Minute Workouts"
06.08.2021 LIVE w/ DDP,DDP,46,2,"DDP LIVE"-"40 Minute Workouts"
Roadtrip Edition: Advanced,DDP,59,4,"DDP LIVE"-"Road Trip Edition"-"60+ Minute Workouts"
Roadtrip Edition: 10 min Warmup,DDP,14,2,"DDP LIVE"-"Road Trip Edition"-"20 Minute Workouts"
04.13.2021 LIVE w/ DDP,DDP,42,2,"DDP LIVE"-"40 Minute Workouts"
03.30.2021 LIVE w DDP,DDP,33,3,"DDP LIVE"-"30 Minute Workouts"
03.09.21 LIVE w DDP,DDP,41,3,"DDP LIVE"-"30 Minute Workouts"
03.02.2021 LIVE w/ DDP,DDP,57,3,"DDP LIVE"-"50 Minute Workouts"
02.23.21 LIVE w/ DDP,DDP,64,3,"DDP LIVE"-"60+ Minute Workouts"
02.02.2021 LIVE w DDP,DDP,33,2,"DDP LIVE"-"30 Minute Workouts"
JACKED Back & Biceps 02,DDP,33,4,"DDP LIVE"-"JACKED 30 min"
01.12.2021 LIVE w/ DDP,DDP,33,2,"DDP LIVE"-"30 Minute Workouts"
01.05.2021 LIVE w/ DDP,DDP,38,3,"DDP LIVE"-"30 Minute Workouts"
12.29.2020 LIVE w/ DDP,DDP,65,3,"DDP LIVE"-"60+ Minute Workouts"
12.22.2020 LIVE w/ DDP,DDP,62,3,"DDP LIVE"-"Holiday/ Novelty"-"60+ Minute Workouts"
12.15.2020 LIVE w/ DDP,DDP,37,2,"DDP LIVE"-"30 Minute Workouts"
Jacked Chest & Triceps 03,DDP,42,4,"DDP LIVE"-"JACKED 30 min"
JACKED Back 01,DDP,39,3,"DDP LIVE"-"JACKED 30 min"
Jacked Total Body 14 Long,DDP,67,4,"DDP LIVE"-"JACKED 50+ min"
JACKED Total Body 14 Short,DDP,36,4,"DDP LIVE"-"JACKED 30 min"
JACKED Back Chest and Biceps 01,DDP,37,3,"DDP LIVE"-"JACKED 30 min"
Back Tutorial,DDP,39,3,"DDP LIVE"-"Hip Back and Knee Opener"-"30 Minute Workouts"
JACKED Total Body 13,DDP,54,3,"DDP LIVE"-"JACKED 50+ min"
JACKED Back Biceps Shoulders & Traps 01,DDP,37,3,"DDP LIVE"-"JACKED 30 min"
JACKED Total Body 11,DDP,36,3,"DDP LIVE"-"JACKED 30 min"
JACKED Total Body 10,DDP,60,3,"DDP LIVE"-"JACKED 50+ min"
JACKED Shoulders & Traps 02,DDP,41,3,"DDP LIVE"-"JACKED 30 min"
JACKED Total Body 09,DDP,40,3,"DDP LIVE"-"JACKED 30 min"
JACKED Total Body 08,DDP,65,4,"DDP LIVE"-"JACKED 50+ min"
JACKED Total Body 07,DDP,61,4,"DDP LIVE"-"JACKED 50+ min"
JACKED Back & Biceps 01,DDP,36,2,"DDP LIVE"-"JACKED 30 min"
JACKED Legs & Total Body 01,DDP,71,4,"DDP LIVE"-"JACKED 50+ min"
JACKED Chest & Triceps 02,DDP,56,3,"DDP LIVE"-"JACKED 50+ min
JACKED Chest & Triceps 01,DDP,39,3,"DDP LIVE"-"JACKED 30 min"-"30 Minute Workouts"
JACKED Total Body 06,DDP,36,3,"DDP LIVE"-"JACKED 30 min"-"30 Minute Workouts"
JACKED Shoulders & Traps 01,DDP,51,4,"DDP LIVE"-"JACKED 50+ min"
JACKED Legs 01,DDP,67,3,"DDP LIVE"-"JACKED 50+ min
JACKED Total Body 05,DDP,60,3,"DDP LIVE"-"JACKED 50+ min
JACKED Total Body 04,DDP,67,3,"DDP LIVE"-"JACKED 50+ min
JACKED Total Body 03,DDP,64,4,"DDP LIVE"-"JACKED 50+ min
JACKED Total Body 02,DDP,67,3,"DDP LIVE"-"JACKED 50+ min
JACKED Total Body 01,DDP,57,3,"DDP LIVE"-"40 Minute Workouts"-"JACKED 50+ min"
03.24.2020 LIVE w/ DDP,DDP,38,3,"DDP LIVE"-"30 Minute Workouts"
03.17.2020 LIVE w/ DDP,DDP,47,3,"DDP LIVE"-"40 Minute Workouts"
DDP ON THE MOON,DDP,31,3,"DDP LIVE"-"Holiday/ Novelty"
Halloween 2016,DDP,36,3,"DDP LIVE"-"Holiday/ Novelty"
11.16.2019 LIVE to FB w/ DDP,DDP,63,3,"DDP LIVE"-"60+ Minute Workouts"
Living in the Red Zone,DDP,77,5,"DDP LIVE"-"EXTREME"-"EXTREME 3.0"-"60+ Minute Workouts"
08.03.2019 LIVE to FB w/ DDP,DDP,65,2,"DDP LIVE"-"60+ Minute Workouts"
A Bit of Everything,DDP,56,2,"DDP LIVE"-"BONUS DVDs"-"50 Minute Workouts"
05.28.2019 LIVE w/ DDP,DDP,63,2,"DDP LIVE"-"60+ Minute Workouts"
02.05.2019 LIVE w/ DDP,DDP,37,1,"DDP LIVE"-"30 Minute Workouts"
01.15.2019 LIVE w/ DDP,DDP,57,2,"DDP LIVE"-"50 Minute Workouts"
01.08.2019 LIVE w/ DDP,DDP,56,4,"DDP LIVE"-"60+ Minute Workouts"
01.01.2019 LIVE w/ DDP,DDP,57,2,"DDP LIVE"-"50 Minute Workouts"
NXT Warmup w/ DDP,DDP,15,2,"DDP LIVE"-"Hip Back and Knee Opener"
Hip Opener,DDP,23,4,"DDP LIVE"-"Hip Back and Knee Opener"-"20 Minute Workouts"
11.27.2018 LIVE w/ DDP,DDP,20,2,"DDP LIVE"-"Hip Back and Knee Opener"-"20 Minute Workouts"
11.20.2018 LIVE w/ DDP,DDP,58,5,"DDP LIVE"-"EXTREME"-"50 Minute Workouts"
11.13.2018 LIVE w/ DDP,DDP,58,2,"DDP LIVE"-"50 Minute Workouts"
11.06.2018 LIVE w/ DDP,DDP,29,2,"DDP LIVE"-"Stand Up Workouts"-"20 Minute Workouts"
10.23.2018 LIVE w/ DDP,DDP,68,3,"DDP LIVE"-"60+ Minute Workouts"
10.02.2018 LIVE w/ DDP,DDP,52,2,"DDP LIVE"-"50 Minute Workouts"
09.11.2018 LIVE w/ DDP,DDP,61,2,"DDP LIVE"-"50 Minute Workouts"
Low Blow Easy Flow,DDP,31,2,"DDP LIVE"-"BONUS DVDs"-"20 Minute Workouts"
07.10.2018 LIVE w/ DDP,DDP,59,2,"DDP LIVE"-"50 Minute Workouts"
Super Body Flow,DDP,27,3,"DDP LIVE"-"BONUS DVDs"-"30 Minute Workouts"
06.05.2018 LIVE w/ DDP,DDP,64,4,"DDP LIVE"-"60+ Minute Workouts"
Salute the Road Warrior,DDP,28,2,"DDP LIVE"-"BONUS DVDs"-"20 Minute Workouts"
04.24.2018 LIVE w/ DDP,DDP,58,2,"DDP LIVE"-"50 Minute Workouts"
03.20.2018 LIVE w/ DDP,DDP,61,3,"DDP LIVE"-"60+ Minute Workouts"
02.13.2018 LIVE w/ DDP,DDP,46,5,"DDP LIVE"-"40 Minute Workouts"
01.30.2018 LIVE w/ DDP,DDP,56,3,"DDP LIVE"-"50 Minute Workouts"
01.13.2018 LIVE to FB w/ DDP,DDP,61,3,"DDP LIVE"-"60+ Minute Workouts"
01.02.2018 LIVE w/ DDP,DDP,54,2,"DDP LIVE"-"50 Minute Workouts"
01.09.2018 LIVE w/ DDP,DDP,55,3,"DDP LIVE"-"50 Minute Workouts"
12.19.2017 LIVE w/ DDP,DDP,36,4,"DDP LIVE"-"30 Minute Workouts"
12.05.2017 LIVE w/ DDP,DDP,52,3,"DDP LIVE"-"50 Minute Workouts"
10.31.2017 LIVE w/ DDP,DDP,57,4,"DDP LIVE"-"50 Minute Workouts"
08.29.2017 LIVE w/ DDP,DDP,58,2,"DDP LIVE"-"Stand Up Workouts"-"50 Minute Workouts"
08.08.2017 LIVE w/ DDP + John Morrison,DDP,76,4,"DDP LIVE"-"60+ Minute Workouts"
07.04.2017 LIVE w/ DDP,DDP,58,2,"DDP LIVE"-"50 Minute Workouts"
07.08.2017 LIVE to FB w/ DDP,DDP,56,2,"DDP LIVE"-"Stand Up Workouts"-"50 Minute Workouts"
06.20.2017 LIVE w/ DDP,DDP,58,2,"DDP LIVE"-"50 Minute Workouts"
05.30.2017 LIVE w/ DDP,DDP,57,2,"DDP LIVE"-"Stand Up Workouts"-"50 Minute Workouts"
05.16.2017 LIVE w/ DDP,DDP,55,3,"DDP LIVE"-"Stand Up Workouts"-"50 Minute Workouts"
04.18.2017 LIVE w/ DPP,DDP,55,3,"DDP LIVE"-"50 Minute Workouts"
04.11.2017 LIVE to FB w/ DDP,DDP,61,5,"DDP LIVE"-"60+ Minute Workouts"
03.28.2017 LIVE w/ DDP,DDP,54,2,"DDP LIVE"-"50 Minute Workouts"
Shoulder Burn,DDP,29,4,"DDP LIVE"-"BONUS DVDs"-"20 Minute Workouts"
03.14.2017 LIVE w/ DDP,DDP,57,2,"DDP LIVE"-"50 Minute Workouts"
03.21.2017 LIVE w/ DDP,DDP,33,5,"DDP LIVE"-"30 Minute Workouts"
02.28.2017 LIVE w/ DDP,DDP,34,2,"DDP LIVE"-"DDPY Rebuild: Stand Strong"-"30 Minute Workouts"
03.07.2017 LIVE w/ DDP,DDP,37,2,"DDP LIVE"-"DDPY Rebuild: Stand Strong"-"30 Minute Workouts"
01.18.2017 LIVE w/ DDP,DDP,71,3,"DDP LIVE"-"60+ Minute Workouts"
LIVE with Dallas Steve and Zach Gowen,DDP,38,4,"DDP LIVE"-"40 Minute Workouts"
100 Push Up Challenge,DDP,44,5,"DDP LIVE"-"EXTREME"-"EXTREME 3.0"-"40 Minute Workouts"
04.25.2017 LIVE w/ DDP,DDP,40,1,"DDP LIVE"-"DDPY Rebuild: Stand Strong"-"40 Minute Workouts"
Terrible 10s,DDP,43,5,"DDP LIVE"-"EXTREME 3.0"-"40 Minute Workouts"
02.08.2017 LIVE w/ DDP,DDP,58,5,"DDP LIVE"-"50 Minute Workouts"
02.15.2017 LIVE w/ DDP,DDP,59,4,"DDP LIVE"-"60+ Minute Workouts"
01.25.2017 LIVE w/ DDP,DDP,58,1,"DDP LIVE"-"50 Minute Workouts"
01.04.2017 LIVE w/ DDP,DDP,65,4,"DDP LIVE"-"60+ Minute Workouts"
12.08.2016 LIVE w/ DDP,DDP,63,3,"DDP LIVE"-"60+ Minute Workouts"
10.24.2016 LIVE w/ DDP,DDP,60,3,"DDP LIVE"-"60+ Minute Workouts"
08.29.2016 LIVE w/ DDP,DDP,72,4,"DDP LIVE"-"60+ Minute Workouts"
09.09.2016 LIVE w/ DDP,DDP,66,2,"DDP LIVE"-"60+ Minute Workouts"
08.15.2016 LIVE w/ DDP,DDP,70,4,"DDP LIVE"-"60+ Minute Workouts"
08.26.2016 LIVE w/ DDP,DDP,69,3,"DDP LIVE"-"60+ Minute Workouts"
The Black Crow Workout,DDP,32,4,"DDP LIVE"-"EXTREME 3.0"-"30 Minute Workouts"
01.11.2017 LIVE w/ DDP,DDP,60,5,"DDP LIVE"-"60+ Minute Workouts"
07.18.2016 LIVE w/ DDP,DDP,64,3,"DDP LIVE"-"60+ Minute Workouts"
07.01.2016 LIVE w/ DDP,DDP,59,3,"DDP LIVE"-"50 Minute Workouts"
Mod Squad,DDP,28,1,"DDP LIVE"-"BONUS DVDs"-"20 Minute Workouts"
06.10.2016 LIVE w/ DDP,DDP,69,3,"DDP LIVE"-"60+ Minute Workouts"
06.17.2016 LIVE w/ DDP,DDP,73,3,"DDP LIVE"-"60+ Minute Workouts"
05.23.2016 LIVE w/ DDP,DDP,79,3,"DDP LIVE"-"60+ Minute Workouts"
05.09.2016 LIVE w/ DDP,DDP,79,3,"DDP LIVE"-"60+ Minute Workouts"
Slow Burn & Exploding,DDP,72,3,"DDP LIVE"-"BONUS DVDs"-"60+ Minute Workouts"
03.25.2016 LIVE w/ DDP,DDP,70,3,"DDP LIVE"-"60+ Minute Workouts"
03.14.2016 LIVE w/ DDP,DDP,71,3,"DDP LIVE"-"60+ Minute Workouts"
01.27.2016 LIVE w/ DDP,DDP,57,5,"DDP LIVE"-"50 Minute Workouts"
01.29.2016 LIVE w/ DDP,DDP,64,3,"DDP LIVE"-"60+ Minute Workouts"
02.26.2016 LIVE w/ DDP,DDP,71,3,"DDP LIVE"-"60+ Minute Workouts"
02.29.2016 LIVE w/ DDP,DDP,68,3,"DDP LIVE"-"60+ Minute Workouts"
02.15.2016 LIVE w/ DDP,DDP,63,3,"DDP LIVE"-"60+ Minute Workouts"
01.18.2016 LIVE w/ DDP,DDP,64,3,"DDP LIVE"-"60+ Minute Workouts"
01.15.2016 LIVE w/ DDP,DDP,79,4,"DDP LIVE"-"60+ Minute Workouts"
01.04.2016 LIVE w/ DDP,DDP,72,3,"DDP LIVE"-"60+ Minute Workouts"
12.14.2015 LIVE w/ DDP,DDP,59,3,"DDP LIVE"-"50 Minute Workouts"
12.28.2015 LIVE w/ DDP,DDP,54,3,"DDP LIVE"-"50 Minute Workouts"
Diamond Dozen 2.0 Compilation,DDP,45,1,"Diamond Dozen (The Basics)"
D.D. - Diamond Cutter Touchdown,DDP,4,1,"Diamond Dozen (The Basics)"
D.D. - Safety Zone,DDP,3,1,"Diamond Dozen (The Basics)"
D.D. - Bent and Stiff Legged Bar Back,DDP,2,1,"Diamond Dozen (The Basics)"
D.D. - Catcher,DDP,4,1,"Diamond Dozen (The Basics)"
D.D. - Cobra Into Down Dog,DDP,3,1,"Diamond Dozen (The Basics)"
D.D. - Push Ups,DDP,4,1,"Diamond Dozen (The Basics)"
D.D. - Table Broken Table,DDP,4,1,"Diamond Dozen (The Basics)"
D.D. - Runners Lunge Superstar,DDP,2,1,"Diamond Dozen (The Basics)"
D.D. - Warriors,DDP,4,1,"Diamond Dozen (The Basics)"
D.D. - DR Show Stoppers,DDP,2,1,"Diamond Dozen (The Basics)"
D.D. - Dynamic Resistance,DDP,3,1,"Diamond Dozen (The Basics)"
D.D. - Punches,DDP,5,1,"Diamond Dozen (The Basics)"
Extreme Psycho Workout,DDP,64,5,"EXTREME"
10 Second Pushups,DDP,10,5,"EXTREME"-"20 Minute Workouts"
DDPY 4 Mamas (Prenatal),DDP,43,3,"Prenatal"
Bed Flex I,DDP,15,1,"DDPY Rebuild: Bed Flex"
Bed Flex II,DDP,14,1,"DDPY Rebuild: Bed Flex"
Bed Flex III,DDP,18,1,"DDPY Rebuild: Bed Flex"
D.D. Chair Force Compilation,DDP,52,1,"DDPY Rebuild: Chair Force"
D.D. Which Chair Should You Use?,DDP,3,1,"DDPY Rebuild: Chair Force"-"DDPY Rebuild: Stand Strong"
D.D. Abductors + Adductors,DDP,5,1,"DDPY Rebuild: Chair Force"
D.D. Ignition Touchdown Diamond Cutter,DDP,4,1,"DDPY Rebuild: Chair Force"
D.D. Touchdown Side Bends,DDP,3,1,"DDPY Rebuild: Chair Force"
D.D. Leg Extensions,DDP,3,1,"DDPY Rebuild: Chair Force"
D.D. Leg Extension Hold,DDP,4,1,"DDPY Rebuild: Chair Force"
D.D. Finger Extensions,DDP,2,1,"DDPY Rebuild: Chair Force"
D.D. DR Pull Ups,DDP,3,1,"DDPY Rebuild: Chair Force"
D.D. DR Shoulder Press,DDP,2,1,"DDPY Rebuild: Chair Force"
D.D. Showstoppers,DDP,2,1,"DDPY Rebuild: Chair Force"
D.D. Chair Lunge,DDP,6,1,"DDPY Rebuild: Chair Force"
D.D. Squats,DDP,4,1,"DDPY Rebuild: Chair Force"
D.D. Cat Lift Cat Arch Fold Forward,DDP,7,1,"DDPY Rebuild: Chair Force"
Chair Force I,DDP,16,1,"DDPY Rebuild: Chair Force"
Chair Force II,DDP,21,1,"DDPY Rebuild: Chair Force"
Chair Force III,DDP,23,1,"DDPY Rebuild: Chair Force"
Chair Force IV,DDP,24,1,"DDPY Rebuild: Chair Force"
Chair Force V,DDP,25,1,"DDPY Rebuild: Chair Force"
Chair Warrior I (Extended: 25min),DDP,24,1,"DDPY Rebuild: Chair Force"
Chair Warrior I (17min),DDP,16,1,"DDPY Rebuild: Chair Force"
B.B. Compilation,DDP,56,1,"DDPY Rebuild: Chair Force"
D.D. Stand Strong Compilation,DDP,49,1,"DDPY Rebuild: Stand Strong"
D.D. Ignition Touchdown + Diamond Cutter,DDP,3,1,"DDPY Rebuild: Stand Strong"
D.D. TD Side Bends,DDP,2,1,"DDPY Rebuild: Stand Strong"
D.D. Bent Legged + Stiff Legged Barback,DDP,3,1,"DDPY Rebuild: Stand Strong"
D.D. Catcher into Thunderbolt,DDP,4,1,"DDPY Rebuild: Stand Strong"
D.D. Lunges Space Shuttle + Exploding TD,DDP,6,1,"DDPY Rebuild: Stand Strong"
D.D. Twisting Lunge,DDP,4,1,"DDPY Rebuild: Stand Strong"
D.D. Knee Droppers,DDP,7,1,"DDPY Rebuild: Stand Strong"
D.D. Push Up Cobra + Downdog,DDP,4,1,"DDPY Rebuild: Stand Strong"
D.D. Broken Table,DDP,3,1,"DDPY Rebuild: Stand Strong"
D.D. Road Warrior 1+2,DDP,6,1,"DDPY Rebuild: Stand Strong"
Stand Strong I,DDP,21,1,"DDPY Rebuild: Stand Strong"
Stand Strong II,DDP,23,1,"DDPY Rebuild: Stand Strong"
Stand Strong III,DDP,32,1,"DDPY Rebuild: Stand Strong"
Stand Strong IV,DDP,35,1,"DDPY Rebuild: Stand Strong"
Chair Warrior IV,DDP,33,2,"DDPY Rebuild: Stand Strong"
Chair Warrior III,DDP,32,2,"DDPY Rebuild: Stand Strong"
Chair Warrior II,DDP,28,2,"DDPY Rebuild: Stand Strong"
Chair Warrior with Jake The Snake,DDP,35,2,"DDPY Rebuild: Stand Strong"
11.22.22 LIVE w Payge,Payge McMahon,20,2,"Payge McMahon"-"Chair Warrior"
11.01.22 LIVE W Josh and Payge,Payge McMahon,38,3,"Payge McMahon"-"Josh Nair"
Pilates II w Payge,Payge McMahon,26,3,"Payge McMahon"
09.27.22 LIVE w Payge,Payge McMahon,28,2,"Payge McMahon"-"20 Minute Workouts"
09.13.2022 LIVE w Payge,Payge McMahon,53,3,"Payge McMahon"
DDPY Pilates,Payge McMahon,31,3,"Payge McMahon"-"30 Minute Workouts"
09.28.2021 LIVE w Payge,Payge McMahon,26,5,"Payge McMahon"-"30 Minute Workouts"
08.31.2021 LIVE w Payge,Payge McMahon,38,4,"Payge McMahon"-"30 Minute Workouts"
08.03.2021 LIVE w Payge,Payge McMahon,56,3,"Payge McMahon"-"50 Minute Workouts"
06.29.2021 LIVE w/ Payge,Payge McMahon,56,3,"Payge McMahon"-"50 Minute Workouts"
06.15.2021 LIVE w/ Payge,Payge McMahon,52,3,"Payge McMahon"-"50 Minute Workouts"
06.01.2021 LIVE w/ Payge,Payge McMahon,67,4,"Payge McMahon"-"60+ Minute Workouts"
Roadtrip Edition: Stretching,Payge McMahon,30,2,"Payge McMahon"-"Road Trip Edition"
04.06.2021 LIVE w/ Payge,Payge McMahon,58,3,"Payge McMahon"-"50 Minute Workouts"
03.16.21 LIVE w Payge,Payge McMahon,65,4,"Payge McMahon"-"60+ Minute Workouts"
02.16.2021 LIVE w/ Payge,Payge McMahon,59,3,"Payge McMahon"-"50 Minute Workouts"
10.27.2020 LIVE w Payge,Payge McMahon,56,3,"Payge McMahon"-"50 Minute Workouts"
10.13.2020 LIVE w/ Payge,Payge McMahon,34,3,"Payge McMahon"-"30 Minute Workouts"
Diamond Cutter (No Music),DDP,58,3,"No Music"
Red Hot Core (No Music),DDP,13,3,"No Music"
Hips Back Knees and Shoulders,DDP,10,2,"Hip Back and Knee Opener"
Meet Christina,Christina Russell,5,1,"Christina Russell"
01.14.2020 LIVE w/ Christina,Christina Russell,58,3,"Christina Russell"-"50 Minute Workouts"
12.24.2019 LIVE w/ Christina & Elves,Christina Russell,43,4,"Christina Russell"-"Holiday/ Novelty"-"40 Minute Workouts"
12.03.2019 LIVE w/ Christina,Christina Russell,33,2,"Christina Russell"-"30 Minute Workouts"
11.19.2019 LIVE w/ Christina,Christina Russell,67,3,"Christina Russell"-"60+ Minute Workouts"
10.15.2019 LIVE w/ Christina,Christina Russell,58,4,"Christina Russell"-"50 Minute Workouts"
Double Black & Diamond Cutter Hybrid,Christina Russell,62,4,"Christina Russell"-"EXTREME 3.0"-"60+ Minute Workouts"
Lunge Kick n' Burn,Christina Russell,61,3,"Christina Russell"-"BONUS DVDs"-"60+ Minute Workouts"
12.25.2018 LIVE w/ Christina,Christina Russell,39,3,"Christina Russell"-"Holiday/ Novelty"-"40 Minute Workouts"
Rock n Roll Butt Blaster,Christina Russell,62,3,"Christina Russell"-"BONUS DVDs"-"60+ Minute Workouts"
10.30.2018 LIVE w/ Christina,Christina Russell,64,3,"Christina Russell"-"Holiday/ Novelty"-"60+ Minute Workouts"
Sweatin' Swearin' Shoulders & Legs Flailin',Christina Russell,64,4,"Christina Russell"-"EXTREME 3.0"-"60+ Minute Workouts"
04.17.2018 LIVE w/ Christina,Christina Russell,42,2,"Christina Russell"-"40 Minute Workouts"
03.06.2018 LIVE w/ Christina,Christina Russell,56,3,"Christina Russell"-"50 Minute Workouts"
12.26.2017 LIVE w/ Christina,Christina Russell,38,3,"Christina Russell"-"Holiday/ Novelty"-"30 Minute Workouts"
Core Cracker,Christina Russell,39,4,"Christina Russell"-"BONUS DVDs"-"40 Minute Workouts"
05.02.2017 LIVE w/ Christina,Christina Russell,65,4,"Christina Russell"-"60+ Minute Workouts"
03.11.2016 LIVE w/ Christina,Christina Russell,64,3,"Christina Russell"-"60+ Minute Workouts"
02.12.2016 LIVE w/ Christina,Christina Russell,68,3,"Christina Russell"-"60+ Minute Workouts"
Meet Haydn,Haydn Walden,4,1,"Haydn Walden"
01.03.2023 LIVE w Haydn,Haydn Walden,31,3,"Haydn Walden"
12.20.2022 LIVE w Haydn,Haydn Walden,39,4,"Haydn Walden"
08.02.2022 LIVE w Haydn,Haydn Walden,31,4,"Haydn Walden"
09.10.2019 LIVE w/ Haydn,Haydn Walden,62,2,"Haydn Walden"-"60+ Minute Workouts"
08.27.2019 LIVE w/ Haydn,Haydn Walden,33,3,"Haydn Walden"-"30 Minute Workouts"
08.13.2019 LIVE w/ Haydn,Haydn Walden,37,4,"Haydn Walden"-"Stand Up Workouts"-"30 Minute Workouts"
08.06.2019 LIVE w/ Haydn,Haydn Walden,66,4,"Haydn Walden"-"60+ Minute Workouts"
07.30.2019 LIVE w/ Haydn,Haydn Walden,63,2,"Haydn Walden"-"60+ Minute Workouts"
07.16.2019 LIVE w/ Haydn,Haydn Walden,41,3,"Haydn Walden"-"40 Minute Workouts"
06.25.2019 LIVE w/ Haydn,Haydn Walden,33,3,"Haydn Walden"-"30 Minute Workouts"
06.11.2019 LIVE w/ Haydn,Haydn Walden,62,2,"Haydn Walden"-"60+ Minute Workouts"
05.21.2019 LIVE w/ Haydn,Haydn Walden,64,5,"Haydn Walden"-"60+ Minute Workouts"
04.30.2019 LIVE w/ Haydn,Haydn Walden,32,1,"Haydn Walden"-"Stand Up Workouts"-"30 Minute Workouts"
04.16.2019 LIVE w/ Haydn,Haydn Walden,64,4,"Haydn Walden"-"60+ Minute Workouts"
Alligator Planks,Haydn Walden,37,3,"Haydn Walden"-"BONUS DVDs"-"40 Minute Workouts"
03.12.2019 LIVE w/ Haydn,Haydn Walden,66,4,"Haydn Walden"-"60+ Minute Workouts"
02.12.2019 LIVE w/ Haydn,Haydn Walden,61,2,"Haydn Walden"-"50 Minute Workouts"
Hard & Heavy Technical Package,Haydn Walden,70,4,"Haydn Walden"-"EXTREME 3.0"-"60+ Minute Workouts"
12.11.2018 LIVE w/ Haydn,Haydn Walden,58,1,"Haydn Walden"-"50 Minute Workouts"
10.16.2018 LIVE w/ Haydn,Haydn Walden,69,4,"Haydn Walden"-"60+ Minute Workouts"
09.25.2018 LIVE w/ Haydn,Haydn Walden,29,3,"Haydn Walden"-"Stand Up Workouts"-"30 Minute Workouts"
09.04.2018 LIVE w/ Haydn,Haydn Walden,43,3,"Haydn Walden"-"40 Minute Workouts"
08.07.2018 LIVE w/ Haydn,Haydn Walden,28,3,"Haydn Walden"-"20 Minute Workouts"
Gator Sphinx Mania,Haydn Walden,38,3,"Haydn Walden"-"BONUS DVDs"-"40 Minute Workouts"
06.19.2018 LIVE w/ Haydn,Haydn Walden,63,2,"Haydn Walden"-"60+ Minute Workouts"
05.01.2018 LIVE w/ Haydn,Haydn Walden,59,3,"Haydn Walden"-"60+ Minute Workouts"
04.03.2018 LIVE w/ Haydn,Haydn Walden,56,3,"Haydn Walden"-"50 Minute Workouts"
Gator Country,Haydn Walden,38,3,"Haydn Walden"-"BONUS DVDs"-"30 Minute Workouts"
02.27.2018 LIVE w/ Haydn,Haydn Walden,46,3,"Haydn Walden"-"40 Minute Workouts"
02.20.2018 LIVE w/ Haydn,Haydn Walden,59,3,"Haydn Walden"-"60+ Minute Workouts"
02.06.2018 LIVE w/ Haydn,Haydn Walden,38,3,"Haydn Walden"-"30 Minute Workouts"
10.17.2017 LIVE w/ Haydn,Haydn Walden,53,2,"Haydn Walden"-"50 Minute Workouts"
09.26.2017 LIVE w/ Haydn,Haydn Walden,38,4,"Haydn Walden"-"Stand Up Workouts"-"30 Minute Workouts"
10.03.2017 LIVE w/ Haydn,Haydn Walden,55,2,"Haydn Walden"-"50 Minute Workouts"
Harrier Jet,Haydn Walden,49,4,"Haydn Walden"-"EXTREME 3.0"-"50 Minute Workouts"
09.05.2017 LIVE w/ Haydn,Haydn Walden,57,4,"Haydn Walden"-"50 Minute Workouts"
09.12.2017 LIVE w/ Haydn,Haydn Walden,52,3,"Haydn Walden"-"50 Minute Workouts"
08.15.2017 LIVE w/ Haydn,Haydn Walden,43,4,"Haydn Walden"-"40 Minute Workouts"
08.01.2017 LIVE w/ Haydn,Haydn Walden,31,3,"Haydn Walden"-"Stand Up Workouts"-"30 Minute Workouts"
05.23.2017 LIVE w/ Haydn,Haydn Walden,53,3,"Haydn Walden"-"Stand Up Workouts"-"50 Minute Workouts"
07.11.2017 LIVE w/ Haydn,Haydn Walden,30,4,"Haydn Walden"-"30 Minute Workouts"
05.09.2017 LIVE w/ Haydn,Haydn Walden,59,2,"Haydn Walden"-"60+ Minute Workouts"
04.04.2017 LIVE w/ Haydn,Haydn Walden,34,5,"Haydn Walden"-"30 Minute Workouts"
06.13.2017 LIVE w/ Haydn,Haydn Walden,31,5,"Haydn Walden"-"30 Minute Workouts"
1 on 1 with Haydn - Beginner,Haydn Walden,27,1,"Haydn Walden"-"20 Minute Workouts"
07.29.2016 LIVE w/ Haydn,Haydn Walden,61,3,"Haydn Walden"-"60+ Minute Workouts"
07.26.2016 LIVE w/ Haydn,Haydn Walden,63,5,"Haydn Walden"-"60+ Minute Workouts"
Meet Garett,Garett Sakahara,5,1,"Garett Sakahara"
06.09.2020 LIVE w/ Garett,Garett Sakahara,56,3,"Garett Sakahara"-"50 Minute Workouts"
03.03.2020 LIVE w/ Garett,Garett Sakahara,36,3,"Garett Sakahara"-"30 Minute Workouts"
11.05.2019 LIVE w/ Garett,Garett Sakahara,47,2,"Garett Sakahara"-"40 Minute Workouts"
Get Strong with G-Money!,Garett Sakahara,49,3,"Garett Sakahara"-"BONUS DVDs"-"40 Minute Workouts"
04.23.2019 LIVE w/ Garett,Garett Sakahara,38,3,"Garett Sakahara"-"30 Minute Workouts"
03.19.2019 LIVE w/ Garett,Garett Sakahara,63,2,"Garett Sakahara"-"60+ Minute Workouts"
Stand Up with Big G!,Garett Sakahara,38,2,"Garett Sakahara"-"BONUS DVDs"-"Stand Up Workouts"-"30 Minute Workouts"
12.11.2018 LIVE w/ Garett,Garett Sakahara,66,3,"Garett Sakahara"-"60+ Minute Workouts"
08.28.2018 LIVE w/ Garett,Garett Sakahara,69,3,"Garett Sakahara"-"60+ Minute Workouts"
05.15.2018 LIVE w/ Garett,Garett Sakahara,57,2,"Garett Sakahara"-"50 Minute Workouts"
11.28.2017 LIVE w/ Garett,Garett Sakahara,65,2,"Garett Sakahara"-"60+ Minute Workouts"
11.14.2017 LIVE w/ Garett,Garett Sakahara,69,2,"Garett Sakahara"-"60+ Minute Workouts"
08.04.2020 LIVE w Jim Mabes,Jim Mabes,52,2,"Jim Mabes"-"50 Minute Workouts"
09.24.2019 LIVE w/ Jim,Jim Mabes,69,2,"Jim Mabes"-"60+ Minute Workouts"
04.09.2019 LIVE w/ Jim,Jim Mabes,66,2,"Jim Mabes"-"60+ Minute Workouts"
Hot Chili,Jim Mabes,66,2,"Jim Mabes"-"BONUS DVDs"-"60+ Minute Workouts"
Chillin' Light,Jim Mabes,31,3,"Jim Mabes"-"BONUS DVDs"-"30 Minute Workouts"
11.07.2017 LIVE w/ Jim,Jim Mabes,63,2,"Jim Mabes"-"60+ Minute Workouts"
09.26.2016 LIVE w/ Jim,Jim Mabes,63,3,"Jim Mabes"-"60+ Minute Workouts"
07.12.2016 LIVE w/ Jim,Jim Mabes,60,3,"Jim Mabes"-"60+ Minute Workouts"
Meet Pat,Pat McDermott,4,1,"Pat McDermott"
09.03.2019 LIVE w/ Pat,Pat McDermott,63,3,"Pat McDermott"-"60+ Minute Workouts"
07.23.2019 LIVE w/ Pat,Pat McDermott,36,2,"Pat McDermott"-"30 Minute Workouts"
07.09.2019 LIVE w/ Pat,Pat McDermott,38,2,"Pat McDermott"-"30 Minute Workouts"
05.07.2019 LIVE w/ Pat,Pat McDermott,50,3,"Pat McDermott"-"50 Minute Workouts"
03.26.2019 LIVE w/ Pat,Pat McDermott,65,3,"Pat McDermott"-"60+ Minute Workouts"
03.05.2019 LIVE w/ Pat,Pat McDermott,66,3,"Pat McDermott"-"60+ Minute Workouts"
12.04.2018 LIVE w/ Pat,Pat McDermott,63,3,"Pat McDermott"-"60+ Minute Workouts"
08.14.2018 LIVE w/ Dave Orth,Dave Orth,37,3,"Dave Orth"-"30 Minute Workouts"
07.31.2018 LIVE w/ Dave Orth,Dave Orth,70,3,"Dave Orth"-"60+ Minute Workouts"
07.03.2018 LIVE w/ Dave Orth,Dave Orth,67,3,"Dave Orth"-"50 Minute Workouts"
06.26.2018 LIVE w/ Dave Orth,Dave Orth,50,2,"Dave Orth"-"40 Minute Workouts"
02.01.2017 LIVE w/ Dave Orth,Dave Orth,78,5,"Dave Orth"-"60+ Minute Workouts"
02.13.21 LIVE w/ Yoga Doc,Yoga Doc,81,3,"Yoga Doc"-"60+ Minute Workouts"
Y.D. Get's Weird,Yoga Doc,52,3,"Yoga Doc"-"BONUS DVDs"-"50 Minute Workouts"
Total body in 30,Yoga Doc,33,3,"Yoga Doc"-"BONUS DVDs"-"30 Minute Workouts"
Get Twisted & Split,Yoga Doc,71,3,"Yoga Doc"-"EXTREME 3.0"-"60+ Minute Workouts"
05.29.2018 LIVE w/ Yoga Doc,Yoga Doc,30,2,"Yoga Doc"-"30 Minute Workouts"
Kickin' Old School,Yoga Doc,81,3,"Yoga Doc"-"EXTREME 3.0"-"60+ Minute Workouts"
04.22.2016 LIVE w/ Yoga Doc,Yoga Doc,72,3,"Yoga Doc"-"60+ Minute Workouts"
03.10.2020 LIVE w/ King,King Warren,65,3,"King Warren"-"60+ Minute Workouts"
02.25.2020 LIVE w/ King,King Warren,33,1,"King Warren"-"30 Minute Workouts"
02.11.2020 LIVE w/ King,King Warren,34,2,"King Warren"-"40 Minute Workouts"
02.04.2020 LIVE w/ King,King Warren,46,2,"King Warren"-"50 Minute Workouts"
11.12.2019 LIVE w/ King,King Warren,34,3,"King Warren"-"30 Minute Workouts"
10.29.2019 LIVE w/ King,King Warren,36,3,"King Warren"-"30 Minute Workouts"
10.22.2019 LIVE w/ King,King Warren,45,2,"King Warren"-"40 Minute Workouts"
10.08.2019 LIVE w/ King,King Warren,39,3,"King Warren"-"30 Minute Workouts"
02.18.2020 LIVE w/ Arinitra,Arinitra Chandler,66,2,"Arinitra Chandler"-"60+ Minute Workouts"
01.28.2020 LIVE w/ Arinitra,Arinitra Chandler,44,2,"Arinitra Chandler"-"30 Minute Workouts"
01.21.2020 LIVE w/ Arinitra,Arinitra Chandler,42,2,"Arinitra Chandler"-"30 Minute Workouts"
12.10.2019 LIVE w/ Arinitra,Arinitra Chandler,42,2,"Arinitra Chandler"-"40 Minute Workouts"
09.17.2019 LIVE w/ Arinitra,Arinitra Chandler,63,2,"Arinitra Chandler"-"60+ Minute Workouts"
Roadtrip Edition: Full Body,DDP,45,2,"Road Trip Edition"-"40 Minute Workouts"
05.03.2022 LIVE w Jen,Jen,22,3,"20 Minute Workouts"
03.22.2022 LIVE w Josh,Josh,27,2,"20 Minute Workouts"-"Josh Nair"
03.08.2022 LIVE w Josh,Josh,21,2,"20 Minute Workouts"-"Josh Nair"
06.22.2016 LIVE w/ Stevie,Stevie Richards,30,1,"20 Minute Workouts"
JACKED Total Body 12,DDP,39,3,"JACKED 30 min"
03.29.2022 LIVE w Josh,Josh,31,4,"30 Minute Workouts"-"Josh Nair"
02.22.2022 LIVE w Josh,Josh,37,3,"30 Minute Workouts"-"Josh Nair"
01.07.2020 LIVE w/ Paal,Paal,39,3,"30 Minute Workouts"
12.17.2019 LIVE w/ Paal,Paal,29,2,"30 Minute Workouts"
04.05.2022 LIVE w Ricky,Ricky Tran,41,3,"40 Minute Workouts"-"Ricky Tran"
03.15.2022 LIVE w Travis,Travis,43,3,"40 Minute Workouts"
05.25.2021 LIVE w Roman,Roman,44,3,"40 Minute Workouts"
05.18.2021 LIVE w/ Roman,Roman,40,3,"40 Minute Workouts"
03.23.2021 LIVE w Ricky Tran,Ricky Tran,52,3,"50 Minute Workouts"-"Ricky Tran"
12.31.2019 LIVE w/ Paal,Paal,60,3,"50 Minute Workouts"
10.01.2019 LIVE w/ Lexy,Lexy,54,3,"50 Minute Workouts"
08.16.2022 LIVE w Josh,Josh,65,3,"60+ Minute Workouts
05.17.2022 LIVE w Josh,Josh,52,3,"60+ Minute Workouts
03.01.2022 LIVE w Josh,Josh,62,2,"60+ Minute Workouts
06.22.2021 LIVE w Josh,Josh,64,3,"60+ Minute Workouts
11.21.2017 LIVE w/ Bobby,Bobby,61,3,"60+ Minute Workouts"
05.20.2016 LIVE w/ Stevie,Stevie Richards,69,3,"60+ Minute Workouts"
05.06.2016 LIVE w/ Dylan,Dylan,62,3,"60+ Minute Workouts"
04.25.2016 LIVE w/ Stevie,Stevie Richards,61,5,"60+ Minute Workouts"
04.11.2016 LIVE w/ Stevie,Stevie Richards,61,3,"60+ Minute Workouts"
04.08.2016 LIVE w/ Stevie,Stevie Richards,74,3,"60+ Minute Workouts"
02.08.2016 LIVE w/ Stevie Richards,Stevie Richards,73,5,"60+ Minute Workouts"
Reaper I - Warriors Purpose,DDP,21,1,"Chair Force - Warriors Purpose"
Reaper II - Warriors Purpose,DDP,22,1,"Chair Force - Warriors Purpose"
Reaper III - Warriors Purpose,DDP,31,1,"Chair Force - Warriors Purpose"
Reaper IV - Warriors Purpose,DDP,32,1,"Chair Force - Warriors Purpose"
Double Time - Warriors Purpose,DDP,36,1,"Chair Force - Warriors Purpose"
Infill - Warriors Purpose,DDP,28,1,"Chair Force - Warriors Purpose"
Salute - Warriors Purpose,DDP,23,1,"Chair Force - Warriors Purpose"
Reveille I - Warriors Purpose,DDP,18,1,"Bed Flex - Warriors Purpose"
Reveille II - Warriors Purpose,DDP,21,1,"Bed Flex - Warriors Purpose"
Reveille III - Warriors Purpose,DDP,31,1,"Bed Flex - Warriors Purpose"
Reveille IV - Warriors Purpose,DDP,24,1,"Bed Flex - Warriors Purpose"
08.30.2022 LIVE w Scott French,Scott French,37,2,"Scott French"
12.06.22 LIVE w Tom Walent,Tom Walent,31,2,"Tom Walent"